{"cameraMode":{"drawMode":0,"name":"Shaded","section":"Shading Mode"},"sceneLighting":true,"audioPlay":false,"sceneViewState":{"m_AlwaysRefresh":false,"showFog":true,"showSkybox":true,"showFlares":true,"showImageEffects":true,"showParticleSystems":true,"showVisualEffectGraphs":true,"m_FxEnabled":true},"in2DMode":false,"pivot":{"x":-14.749438285827637,"y":11.916966438293457,"z":56.32982635498047},"rotation":{"x":0.10200139880180359,"y":0.8757144808769226,"z":-0.21180692315101624,"w":0.42172425985336306},"size":2.1111152172088625,"orthographic":false}